Local authority: district or unitary,Year,Passengers,Population,Passengers_per_1000
Barking and Dagenham,2001,4265752.545,165654.0,25750.978213625993
Barking and Dagenham,2002,4485199.0,166711.0,26904.03752601808
Barking and Dagenham,2003,4764045.0,166714.0,28576.154372158308
Barking and Dagenham,2004,0.0,166333.0,0.0
Barking and Dagenham,2005,5200335.0,167119.0,31117.556950436516
Barking and Dagenham,2006,5000435.013350001,167996.0,29765.20282238863
Barking and Dagenham,2007,4163995.0,169893.0,24509.51481226419
Barking and Dagenham,2008,4727875.0,173176.0,27300.982815170693
Barking and Dagenham,2009,4044198.0,178091.0,22708.60402827768
Barking and Dagenham,2010,4968496.0,183110.0,27133.941346731473
Barking and Dagenham,2011,6859928.0,187013.0,36681.556897114104
Barking and Dagenham,2012,7778938.0,191482.0,40624.904690780335
Barking and Dagenham,2013,8405660.0,196170.0,42848.85558444206
Barking and Dagenham,2014,8692589.0,201187.0,43206.51433740748
Barking and Dagenham,2015,10044996.0,206525.0,48638.160029052175
Barking and Dagenham,2016,13746694.0,211414.0,65022.62858656475
Barking and Dagenham,2017,13175746.0,214245.0,61498.49938154916
Barking and Dagenham,2018,13875200.0,216420.0,64112.374087422606
Barking and Dagenham,2019,14868256.0,218909.0,67919.8022922767
Barking and Dagenham,2020,14222248.0,219313.0,64849.08783337058
Barking and Dagenham,2021,6924238.0,218714.0,31658.86957396417
Barking and Dagenham,2022,11521332.0,220039.0,52360.40883661533
Barking and Dagenham,2023,13578066.0,222308.0,61077.72099969412
Barking and Dagenham,2024,14581930.0,,
Barking and Dagenham,2025,14993848.0,,
Barnet,2001,3404746.379,319481.0,10657.116945921667
Barnet,2002,3402843.0,320295.0,10624.09029176228
Barnet,2003,3543033.0,321056.0,11035.560774444333
Barnet,2004,0.0,322855.0,0.0
Barnet,2005,3044318.0,326611.0,9320.929178747807
Barnet,2006,3106995.7341,329670.0,9424.563151333152
Barnet,2007,6959593.0,333739.0,20853.400411698964
Barnet,2008,6713035.0,338173.0,19850.88992911912
Barnet,2009,5822606.0,345038.0,16875.260116277048
Barnet,2010,5413480.0,351048.0,15420.911100476289
Barnet,2011,5652202.0,357539.0,15808.630666864314
Barnet,2012,6020948.0,363241.0,16575.628852469847
Barnet,2013,6229342.0,368594.0,16900.280525456194
Barnet,2014,7225570.0,373838.0,19328.077937502338
Barnet,2015,7763908.0,377842.0,20548.0280117086
Barnet,2016,6450120.0,382928.0,16844.21092215769
Barnet,2017,6266992.0,384115.0,16315.405542610935
Barnet,2018,6408084.0,387582.0,16533.49226744276
Barnet,2019,6337820.0,390644.0,16224.030063177728
Barnet,2020,6571874.0,391147.0,16801.54519911951
Barnet,2021,1842882.0,388953.0,4738.058325813144
Barnet,2022,3742416.0,390346.0,9587.432687923021
Barnet,2023,5108060.0,395007.0,12931.568301321242
Barnet,2024,5622198.0,,
Barnet,2025,6633706.0,,
Bexley,2001,11522869.858,218757.0,52674.290916404956
Bexley,2002,11781814.0,219220.0,53744.24778761062
Bexley,2003,12087674.0,220128.0,54912.023913359495
Bexley,2004,0.0,221034.0,0.0
Bexley,2005,12034808.0,222407.0,54111.64216953603
Bexley,2006,12099788.44679,223256.0,54196.92392047694
Bexley,2007,15613040.0,224519.0,69539.94984834245
Bexley,2008,16697202.0,226519.0,73712.14776685399
Bexley,2009,16183896.0,228024.0,70974.52899694769
Bexley,2010,15374450.0,230656.0,66655.32221143173
Bexley,2011,15887604.0,232771.0,68254.22410867333
Bexley,2012,16226844.0,234468.0,69207.07303342034
Bexley,2013,16679080.0,236177.0,70621.10197013257
Bexley,2014,17786011.0,239085.0,74391.99866156388
Bexley,2015,18831782.0,241396.0,78011.9885996454
Bexley,2016,18017358.0,243963.0,73852.83014227568
Bexley,2017,18030656.0,244461.0,73756.77919995418
Bexley,2018,17789390.0,245191.0,72553.19322487367
Bexley,2019,18312144.0,246580.0,74264.51455916945
Bexley,2020,17766130.0,246925.0,71949.49883567885
Bexley,2021,4686702.0,246632.0,19002.813908981803
Bexley,2022,10218124.0,247754.0,41243.02332152054
Bexley,2023,11610460.0,250853.0,46283.91926745943
Bexley,2024,12365554.0,,
Bexley,2025,12896772.0,,
Brent,2001,8565116.983000001,269620.0,31767.365117572885
Brent,2002,8448511.0,270410.0,31243.337894308643
Brent,2003,8814171.0,269232.0,32738.199768229635
Brent,2004,0.0,269453.0,0.0
Brent,2005,9146030.0,271948.0,33631.53985320723
Brent,2006,9399334.4839,277214.0,33906.42061331678
Brent,2007,8474706.0,284316.0,29807.34816190436
Brent,2008,8821830.0,291792.0,30233.282612271752
Brent,2009,8129186.0,298757.0,27210.02687803131
Brent,2010,10489342.0,305177.0,34371.33860022217
Brent,2011,15525176.0,312251.0,49720.18023961493
Brent,2012,19539510.0,318152.0,61415.64409464658
Brent,2013,21340882.0,324692.0,65726.54084486222
Brent,2014,24270112.0,330651.0,73400.99379708515
Brent,2015,26249084.0,336554.0,77993.6770919377
Brent,2016,25253828.0,340702.0,74122.92267142548
Brent,2017,24982060.0,343468.0,72734.75258248222
Brent,2018,24685042.0,346432.0,71255.08613523
Brent,2019,24741038.0,348142.0,71065.93861125632
Brent,2020,26883024.0,344538.0,78026.29608345088
Brent,2021,11420312.0,339246.0,33663.807384611755
Brent,2022,21800552.0,341183.0,63896.946799811245
Brent,2023,25502994.0,344521.0,74024.49778097708
Brent,2024,27937472.0,,
Brent,2025,30616354.0,,
Bromley,2001,23584440.828,296218.0,79618.52699025717
Bromley,2002,23771866.0,296741.0,80109.81293451191
Bromley,2003,24248191.0,297190.0,81591.54413001784
Bromley,2004,0.0,297339.0,0.0
Bromley,2005,24191953.0,299414.0,80797.66811171155
Bromley,2006,24440419.40518,300904.0,81223.31177112967
Bromley,2007,32567649.0,302312.0,107728.60157717853
Bromley,2008,34901908.0,304667.0,114557.5595650333
Bromley,2009,33606130.0,306583.0,109615.11238392214
Bromley,2010,32643983.0,308352.0,105865.9681143628
Bromley,2011,34114665.0,310553.0,109851.34582502826
Bromley,2012,34952410.0,314737.0,111052.75198022476
Bromley,2013,35728394.0,318663.0,112119.681293404
Bromley,2014,38470846.0,321909.0,119508.45114613137
Bromley,2015,40858890.0,325782.0,125417.8868077426
Bromley,2016,41140576.0,327814.0,125499.75290866163
Bromley,2017,41777080.0,329278.0,126874.7988022279
Bromley,2018,41457694.0,330489.0,125443.49131135983
Bromley,2019,41960986.0,331284.0,126661.67397157726
Bromley,2020,40189748.0,331324.0,121300.44307083097
Bromley,2021,9446976.0,329895.0,28636.31155367617
Bromley,2022,22127998.0,329689.0,67117.79282899946
Bromley,2023,27209682.0,331162.0,82164.26401579892
Bromley,2024,30844162.0,,
Bromley,2025,32565454.0,,
Camden,2001,82138724.694,202567.0,405489.1699733915
Camden,2002,84311756.0,204485.0,412312.66841088585
Camden,2003,86144337.0,205044.0,420126.1046409551
Camden,2004,0.0,208409.0,0.0
Camden,2005,55770827.0,212096.0,262950.86658871453
Camden,2006,56047131.824852005,212154.0,264181.3579986802
Camden,2007,67154886.0,212444.0,316106.29624748166
Camden,2008,71838727.0,211463.0,339722.4431697271
Camden,2009,79800186.0,213984.0,372925.94773441006
Camden,2010,82653160.0,215323.0,383856.6246987085
Camden,2011,96323631.0,220089.0,437657.63395717187
Camden,2012,106839462.0,219534.0,486664.7626335784
Camden,2013,114078904.0,221020.0,516147.4255723464
Camden,2014,125419463.0,220686.0,568316.3544583707
Camden,2015,131693102.0,220570.0,597058.0858684318
Camden,2016,134804808.0,220630.0,610999.4470380275
Camden,2017,139010554.0,218447.0,636358.2653916053
Camden,2018,140465924.0,217395.0,646132.2661514754
Camden,2019,144435780.0,216249.0,667914.2100079075
Camden,2020,139528266.0,213598.0,653228.3354713059
Camden,2021,27260060.0,210964.0,129216.64359795983
Camden,2022,80559180.0,217365.0,370617.07266579254
Camden,2023,144004778.0,220903.0,651891.4546203538
Camden,2024,184223440.0,,
Camden,2025,200139924.0,,
City of London,2001,70348040.0,7359.0,9559456.447886942
City of London,2002,71336209.0,7414.0,9621824.790936068
City of London,2003,72315037.0,7340.0,9852184.877384195
City of London,2004,0.0,7470.0,0.0
City of London,2005,102943739.0,7576.0,13588138.727560718
City of London,2006,100797617.5975,7739.0,13024630.778847395
City of London,2007,118128590.0,8058.0,14659790.270538595
City of London,2008,123934022.0,7947.0,15595070.08934189
City of London,2009,120052380.0,7933.0,15133288.793646792
City of London,2010,110626381.0,7600.0,14556102.763157895
City of London,2011,118213377.0,7405.0,15963994.19311276
City of London,2012,120295492.0,7494.0,16052240.725914065
City of London,2013,121872054.0,7519.0,16208545.551270116
City of London,2014,131421618.0,7603.0,17285494.93620939
City of London,2015,134260134.0,7751.0,17321653.20603793
City of London,2016,131501118.0,7829.0,16796668.54004343
City of London,2017,136274926.0,8004.0,17025852.823588207
City of London,2018,136479592.0,8225.0,16593263.465045592
City of London,2019,139403718.0,8755.0,15922754.768703599
City of London,2020,133274462.0,8292.0,16072655.812831644
City of London,2021,22104310.0,8693.0,2542771.1952145407
City of London,2022,59307320.0,11457.0,5176513.92161997
City of London,2023,122311166.0,13462.0,9085660.823057495
City of London,2024,141262888.0,,
City of London,2025,148006364.0,,
Croydon,2001,25584047.018000003,335112.0,76344.76538590084
Croydon,2002,25718868.0,335382.0,76685.29616974077
Croydon,2003,26452654.0,335607.0,78820.32853903524
Croydon,2004,0.0,336904.0,0.0
Croydon,2005,27248686.0,338813.0,80423.9683837397
Croydon,2006,28168180.468679998,339858.0,82882.20512296312
Croydon,2007,40026502.0,343805.0,116422.10555402045
Croydon,2008,43237058.0,349151.0,123834.83936749429
Croydon,2009,40914240.0,352590.0,116039.13894324853
Croydon,2010,39955847.0,357866.0,111650.30206837195
Croydon,2011,42159407.0,364815.0,115563.7980894426
Croydon,2012,44715212.0,369725.0,120941.81351004125
Croydon,2013,46266528.0,374433.0,123564.23712653531
Croydon,2014,48045697.0,378474.0,126945.83247462177
Croydon,2015,50166922.0,381607.0,131462.26877389566
Croydon,2016,53562614.0,384824.0,139187.30120782487
Croydon,2017,50148518.0,385973.0,129927.52860951412
Croydon,2018,51092194.0,387341.0,131904.94680397894
Croydon,2019,52944218.0,390911.0,135438.03576773228
Croydon,2020,52466762.0,392355.0,133722.67971607347
Croydon,2021,14917922.0,390686.0,38183.91751944016
Croydon,2022,30511304.0,392610.0,77714.02664221491
Croydon,2023,37809046.0,397741.0,95059.46331909459
Croydon,2024,41538288.0,,
Croydon,2025,44228578.0,,
Ealing,2001,8763552.189,307276.0,28520.132353324043
Ealing,2002,8427747.0,309431.0,27236.27238382709
Ealing,2003,8486690.0,308283.0,27528.893905924102
Ealing,2004,0.0,310412.0,0.0
Ealing,2005,8378094.0,312981.0,26768.69841939287
Ealing,2006,8076054.795934999,315323.0,25612.006723058577
Ealing,2007,8946981.0,318723.0,28071.33780743781
Ealing,2008,9608179.0,323816.0,29671.724065518687
Ealing,2009,8002314.0,329774.0,24266.054934591568
Ealing,2010,7471654.0,333902.0,22376.787201035037
Ealing,2011,10654912.0,339313.0,31401.425822175985
Ealing,2012,11997294.0,345110.0,34763.68114514213
Ealing,2013,13121940.0,351138.0,37369.75206329136
Ealing,2014,14191230.0,355400.0,39930.30388294879
Ealing,2015,15127554.0,360192.0,41998.58408848614
Ealing,2016,14503644.0,363674.0,39880.893327540594
Ealing,2017,14094270.0,363875.0,38733.82342837513
Ealing,2018,13781008.0,365168.0,37738.81610655917
Ealing,2019,14759364.0,368007.0,40106.20450154481
Ealing,2020,15473106.0,368567.0,41981.7997813152
Ealing,2021,5131008.0,366759.0,13990.135211405855
Ealing,2022,11301066.0,370129.0,30532.77641038665
Ealing,2023,18442770.0,375340.0,49136.1698726488
Ealing,2024,29315430.0,,
Ealing,2025,32891434.0,,
Enfield,2001,7642573.893,277266.0,27564.050020557876
Enfield,2002,7916291.0,280681.0,28203.872011286832
Enfield,2003,8303416.0,281522.0,29494.732205653556
Enfield,2004,0.0,281865.0,0.0
Enfield,2005,8374088.0,284377.0,29447.13531685052
Enfield,2006,8026097.86365,286727.0,27992.124437705552
Enfield,2007,12619402.0,290825.0,43391.73729906301
Enfield,2008,15058381.0,296614.0,50767.600315561634
Enfield,2009,13220642.0,301365.0,43869.20179848357
Enfield,2010,12839929.0,307283.0,41785.35421744776
Enfield,2011,13409370.0,313939.0,42713.297806261726
Enfield,2012,14364354.0,317837.0,45194.090052448264
Enfield,2013,15361282.0,321820.0,47732.52749984463
Enfield,2014,16406308.0,326408.0,50263.19207862552
Enfield,2015,17844928.0,330929.0,53923.7359070979
Enfield,2016,20265240.0,333372.0,60788.66851445233
Enfield,2017,21423926.0,333084.0,64319.889277179325
Enfield,2018,22258948.0,333956.0,66652.33743367389
Enfield,2019,22159682.0,335140.0,66120.67195798771
Enfield,2020,21683326.0,333232.0,65069.759206798866
Enfield,2021,6960746.0,329871.0,21101.41843326634
Enfield,2022,14178992.0,327426.0,43304.416875874245
Enfield,2023,17583570.0,327429.0,53701.932327313705
Enfield,2024,21198118.0,,
Enfield,2025,22337312.0,,
Greenwich,2001,14501070.640999999,217460.0,66683.85285109904
Greenwich,2002,14723830.0,221416.0,66498.49152726089
Greenwich,2003,15044560.0,224132.0,67123.65927221459
Greenwich,2004,0.0,226944.0,0.0
Greenwich,2005,13753105.0,230041.0,59785.45128911803
Greenwich,2006,13893000.55381,233355.0,59535.902611086116
Greenwich,2007,18971495.0,236037.0,80375.0894986803
Greenwich,2008,20089912.0,239274.0,83961.95157016642
Greenwich,2009,20558840.0,243188.0,84538.87527345099
Greenwich,2010,19940940.0,248926.0,80107.90355366655
Greenwich,2011,21404464.0,255483.0,83780.3846048465
Greenwich,2012,22224426.0,260004.0,85477.24650389994
Greenwich,2013,22707270.0,263767.0,86088.3658683611
Greenwich,2014,23406600.0,267904.0,87369.35618729098
Greenwich,2015,24375708.0,273791.0,89030.34796614936
Greenwich,2016,23673478.0,278281.0,85070.40725022549
Greenwich,2017,21831400.0,281801.0,77470.98129531123
Greenwich,2018,21306420.0,285110.0,74730.52506050297
Greenwich,2019,25299256.0,287745.0,87922.48692418635
Greenwich,2020,25866226.0,288282.0,89725.42857341075
Greenwich,2021,7595010.0,289539.0,26231.388517609026
Greenwich,2022,16172970.0,291879.0,55409.84449035388
Greenwich,2023,30230534.0,294113.0,102785.43960994584
Greenwich,2024,38749698.0,,
Greenwich,2025,41967814.0,,
Hackney,2001,5283920.139,207246.0,25495.88478909123
Hackney,2002,5431181.0,210577.0,25791.90034999074
Hackney,2003,5933232.0,211691.0,28027.795229839718
Hackney,2004,0.0,212593.0,0.0
Hackney,2005,3482983.0,215216.0,16183.661995390676
Hackney,2006,3504245.320263,218605.0,16030.032800086914
Hackney,2007,9202257.0,222825.0,41298.135307977114
Hackney,2008,9762684.0,229470.0,42544.489475748465
Hackney,2009,8595322.0,235445.0,36506.708573127486
Hackney,2010,7993434.0,241090.0,33155.394251109545
Hackney,2011,13864696.0,247184.0,56090.588387597905
Hackney,2012,21180066.0,250840.0,84436.5571679158
Hackney,2013,26347286.0,255031.0,103310.13092526006
Hackney,2014,31158522.0,257990.0,120774.14628473972
Hackney,2015,33923524.0,261198.0,129876.66061761575
Hackney,2016,37582854.0,264013.0,142352.28568290197
Hackney,2017,39452674.0,264084.0,149394.41238393844
Hackney,2018,38835920.0,265540.0,146252.61730812685
Hackney,2019,41004432.0,265152.0,154645.00362056482
Hackney,2020,40008394.0,263076.0,152079.22425458804
Hackney,2021,12578950.0,260082.0,48365.3232442076
Hackney,2022,27467410.0,261632.0,104984.90245841489
Hackney,2023,35472772.0,263282.0,134732.99352025587
Hackney,2024,43104268.0,,
Hackney,2025,43430702.0,,
Hammersmith and Fulham,2001,69968.0,169374.0,413.0976419048968
Hammersmith and Fulham,2002,113514.0,171337.0,662.5188955100183
Hammersmith and Fulham,2003,131414.0,170548.0,770.539672115768
Hammersmith and Fulham,2004,0.0,170959.0,0.0
Hammersmith and Fulham,2005,313725.0,172242.0,1821.4198627512453
Hammersmith and Fulham,2006,411667.37925,173557.0,2371.943391796355
Hammersmith and Fulham,2007,518781.0,175284.0,2959.6597521736153
Hammersmith and Fulham,2008,744003.0,175962.0,4228.202680124117
Hammersmith and Fulham,2009,891386.0,179319.0,4970.951209855062
Hammersmith and Fulham,2010,2021838.0,180542.0,11198.71276489681
Hammersmith and Fulham,2011,4484130.0,182444.0,24578.117120869967
Hammersmith and Fulham,2012,6485200.0,184539.0,35142.70696167206
Hammersmith and Fulham,2013,7899418.0,186160.0,42433.48732273313
Hammersmith and Fulham,2014,8275564.0,186818.0,44297.46598293527
Hammersmith and Fulham,2015,9781754.0,187383.0,52201.92867015685
Hammersmith and Fulham,2016,17569378.0,187499.0,93703.84908719514
Hammersmith and Fulham,2017,16343460.0,187674.0,87084.30576425078
Hammersmith and Fulham,2018,16396226.0,188846.0,86823.26339980724
Hammersmith and Fulham,2019,16014540.0,188376.0,85013.69601223085
Hammersmith and Fulham,2020,15027454.0,186570.0,80545.92914187704
Hammersmith and Fulham,2021,4692850.0,183311.0,25600.482240563848
Hammersmith and Fulham,2022,10360024.0,185506.0,55847.37959958168
Hammersmith and Fulham,2023,11922698.0,186176.0,64039.92995874872
Hammersmith and Fulham,2024,13762834.0,,
Hammersmith and Fulham,2025,14306372.0,,
Haringey,2001,2263554.4699999997,221251.0,10230.708426176603
Haringey,2002,2310293.0,225155.0,10260.900268703783
Haringey,2003,2400103.0,226051.0,10617.528787751438
Haringey,2004,0.0,227714.0,0.0
Haringey,2005,2121178.0,230438.0,9204.983553059827
Haringey,2006,2161256.598544,234124.0,9231.247537817568
Haringey,2007,10327906.0,237602.0,43467.251959158595
Haringey,2008,12154532.0,245042.0,49601.83152275936
Haringey,2009,11276270.0,250268.0,45056.77913276967
Haringey,2010,10897503.0,252950.0,43081.648547143704
Haringey,2011,12559618.0,255541.0,49149.13066787717
Haringey,2012,14092118.0,259394.0,54327.07772731829
Haringey,2013,15849494.0,265221.0,59759.57409104106
Haringey,2014,17370711.0,269119.0,64546.579765828494
Haringey,2015,19694260.0,273232.0,72078.89266264565
Haringey,2016,25311198.0,276559.0,91521.87417513081
Haringey,2017,25368792.0,274730.0,92340.81461798857
Haringey,2018,26578564.0,274436.0,96847.9499774082
Haringey,2019,27975462.0,273918.0,102130.79096663964
Haringey,2020,28095868.0,269677.0,104183.40459141863
Haringey,2021,8822256.0,264319.0,33377.3054528808
Haringey,2022,19532406.0,262413.0,74433.83521395663
Haringey,2023,23669102.0,262895.0,90032.53009756748
Haringey,2024,28149134.0,,
Haringey,2025,30653024.0,,
Harrow,2001,1798585.342,210044.0,8562.89797375788
Harrow,2002,1783973.0,212294.0,8403.31332962778
Harrow,2003,1700710.0,213566.0,7963.393049455438
Harrow,2004,0.0,216232.0,0.0
Harrow,2005,1846263.0,220919.0,8357.194265771617
Harrow,2006,1959848.203096,223283.0,8777.417909540807
Harrow,2007,3046292.0,225943.0,13482.56861243765
Harrow,2008,3579144.0,229044.0,15626.447320165556
Harrow,2009,1678086.0,233068.0,7199.984553864108
Harrow,2010,2537468.0,237253.0,10695.198796221755
Harrow,2011,4864580.0,240493.0,20227.532610096758
Harrow,2012,5359756.0,243793.0,21984.864208570387
Harrow,2013,5491144.0,246979.0,22233.24250239899
Harrow,2014,5894782.0,251662.0,23423.409175799286
Harrow,2015,6843846.0,255456.0,26790.703682826006
Harrow,2016,7576584.0,257636.0,29408.095141983264
Harrow,2017,7573780.0,258135.0,29340.383907645224
Harrow,2018,7480926.0,259990.0,28773.898996115237
Harrow,2019,7580102.0,262158.0,28914.250185002937
Harrow,2020,7475074.0,262357.0,28491.993733729232
Harrow,2021,2399974.0,261160.0,9189.66916832593
Harrow,2022,4864298.0,261933.0,18570.771914955352
Harrow,2023,6397880.0,263448.0,24285.172026358145
Harrow,2024,7653820.0,,
Harrow,2025,8302372.0,,
Havering,2001,12171404.001,224717.0,54163.25423087706
Havering,2002,12638687.0,225118.0,56142.49860073384
Havering,2003,13228148.0,225254.0,58725.47435339661
Havering,2004,0.0,225771.0,0.0
Havering,2005,12787768.0,226918.0,56354.136736618515
Havering,2006,12371800.566873,228149.0,54226.84546885149
Havering,2007,17419163.0,229668.0,75844.97187244197
Havering,2008,19744434.0,231624.0,85243.47217904881
Havering,2009,16858970.0,234001.0,72046.57245054508
Havering,2010,16332024.0,236160.0,69156.60569105692
Havering,2011,17450026.0,237924.0,73342.85738302988
Havering,2012,17997880.0,239902.0,75021.8005685655
Havering,2013,19022006.0,242483.0,78446.7612162502
Havering,2014,20399258.0,246674.0,82697.23602811809
Havering,2015,21948954.0,250363.0,87668.52130706215
Havering,2016,22437578.0,254495.0,88165.10344014617
Havering,2017,22637952.0,257446.0,87932.81697909464
Havering,2018,22369726.0,259255.0,86284.64639061927
Havering,2019,23112234.0,261339.0,88437.75326300324
Havering,2020,23052280.0,261961.0,87998.9005997076
Havering,2021,7244680.0,262085.0,27642.48240074785
Havering,2022,14880282.0,264675.0,56220.95777840748
Havering,2023,23594920.0,268145.0,87993.13804098529
Havering,2024,28978430.0,,
Havering,2025,25628056.0,,
Hillingdon,2001,2004372.569,245616.0,8160.594460458602
Hillingdon,2002,1937783.0,247242.0,7837.59636307747
Hillingdon,2003,2032493.0,248280.0,8186.293700660543
Hillingdon,2004,0.0,249568.0,0.0
Hillingdon,2005,2068546.0,252238.0,8200.770700687446
Hillingdon,2006,2130293.2173099997,254998.0,8354.156571071144
Hillingdon,2007,3519516.0,257507.0,13667.651753156224
Hillingdon,2008,3813537.0,261461.0,14585.490761528488
Hillingdon,2009,3508488.0,265971.0,13191.242654274338
Hillingdon,2010,3164042.0,269714.0,11731.100350741897
Hillingdon,2011,4329046.0,275493.0,15713.814870069295
Hillingdon,2012,4617070.0,281326.0,16411.814052025053
Hillingdon,2013,5026280.0,286207.0,17561.694857218725
Hillingdon,2014,5457920.0,290566.0,18783.7530887991
Hillingdon,2015,6063478.0,294380.0,20597.452272572868
Hillingdon,2016,6505342.0,297908.0,21836.748257851417
Hillingdon,2017,6329578.0,299827.0,21110.767209090576
Hillingdon,2018,6252660.0,302648.0,20659.84245724406
Hillingdon,2019,6813390.0,305953.0,22269.400855686985
Hillingdon,2020,14391868.0,306689.0,46926.58686813026
Hillingdon,2021,2694110.0,305103.0,8830.165550650108
Hillingdon,2022,7496740.0,310894.0,24113.49205838646
Hillingdon,2023,16121658.0,319018.0,50535.2613332163
Hillingdon,2024,23331466.0,,
Hillingdon,2025,26986980.0,,
Hounslow,2001,4401627.069,215976.0,20380.167560284477
Hounslow,2002,4178484.0,217232.0,19235.12189732636
Hounslow,2003,4492133.0,216895.0,20711.09523041103
Hounslow,2004,0.0,220081.0,0.0
Hounslow,2005,5134144.0,224342.0,22885.34469693593
Hounslow,2006,5344084.79162,228549.0,23382.665387378638
Hounslow,2007,8598866.0,233761.0,36784.86146106494
Hounslow,2008,10130610.0,238001.0,42565.409389036184
Hounslow,2009,9269290.0,243375.0,38086.450950179766
Hounslow,2010,9543834.0,249143.0,38306.65120031468
Hounslow,2011,10726204.0,254927.0,42075.590267017615
Hounslow,2012,11974846.0,260945.0,45890.30638640327
Hounslow,2013,12780244.0,266112.0,48025.80868205868
Hounslow,2014,13535795.0,271352.0,49882.79061882721
Hounslow,2015,14613450.0,275975.0,52952.07899266238
Hounslow,2016,15266082.0,279702.0,54579.80994057962
Hounslow,2017,15032918.0,281876.0,53331.670663696095
Hounslow,2018,14662510.0,286017.0,51264.470293723796
Hounslow,2019,14785226.0,290074.0,50970.53165743914
Hounslow,2020,14053028.0,290216.0,48422.65071532927
Hounslow,2021,3783424.0,288162.0,13129.50354314587
Hounslow,2022,7966710.0,291199.0,27358.30136779316
Hounslow,2023,9501504.0,295706.0,32131.590160497253
Hounslow,2024,10460698.0,,
Hounslow,2025,11109654.0,,
Islington,2001,3836714.6849999996,179387.0,21387.91933083222
Islington,2002,4154752.0,180622.0,23002.469245163935
Islington,2003,4250877.0,181717.0,23392.841616359503
Islington,2004,0.0,182019.0,0.0
Islington,2005,5611477.0,184758.0,30372.038017298306
Islington,2006,5668912.173814,186615.0,30377.580440018217
Islington,2007,15326132.0,189704.0,80789.71450259352
Islington,2008,15354405.0,192943.0,79580.00549385052
Islington,2009,13772404.0,197409.0,69765.83641070063
Islington,2010,17103838.0,200486.0,85311.88212643277
Islington,2011,24157852.0,206281.0,117111.37719906341
Islington,2012,29515528.0,208456.0,141591.1655217408
Islington,2013,33765480.0,212144.0,159163.02134399276
Islington,2014,37537084.0,214420.0,175063.3522992258
Islington,2015,42798580.0,217557.0,196723.52532899423
Islington,2016,57767802.0,220048.0,262523.6402966626
Islington,2017,61399928.0,220897.0,277957.27420471987
Islington,2018,62255918.0,220609.0,282200.2638151662
Islington,2019,68592714.0,220947.0,310448.7229969178
Islington,2020,67982680.0,219990.0,309026.2284649302
Islington,2021,18379836.0,217047.0,84681.36394421486
Islington,2022,38563846.0,219594.0,175614.2972940973
Islington,2023,72697516.0,220584.0,329568.4002466181
Islington,2024,91380644.0,,
Islington,2025,99562158.0,,
Kensington and Chelsea,2001,752038.728,162199.0,4636.5188934580365
Kensington and Chelsea,2002,682540.0,163274.0,4180.334897166726
Kensington and Chelsea,2003,762103.0,164235.0,4640.320272779858
Kensington and Chelsea,2004,0.0,164229.0,0.0
Kensington and Chelsea,2005,1159086.0,166815.0,6948.3319845337655
Kensington and Chelsea,2006,1244273.3566,163596.0,7605.768824421135
Kensington and Chelsea,2007,1391740.0,161418.0,8621.96285420461
Kensington and Chelsea,2008,2202539.0,161516.0,13636.661383392358
Kensington and Chelsea,2009,1923962.0,161256.0,11931.103338790495
Kensington and Chelsea,2010,1833537.0,160283.0,11439.372859255192
Kensington and Chelsea,2011,2311792.0,158247.0,14608.757196028993
Kensington and Chelsea,2012,5226636.0,157075.0,33274.77956390259
Kensington and Chelsea,2013,5290538.0,156482.0,33809.24323564371
Kensington and Chelsea,2014,7290836.0,155815.0,46791.61826525046
Kensington and Chelsea,2015,7249102.0,155814.0,46524.073574903414
Kensington and Chelsea,2016,10904840.0,152414.0,71547.49563688376
Kensington and Chelsea,2017,4117608.0,149405.0,27560.041497941835
Kensington and Chelsea,2018,4049392.0,148222.0,27319.77709112008
Kensington and Chelsea,2019,3636880.0,146488.0,24827.15307738518
Kensington and Chelsea,2020,3353060.0,144557.0,23195.41772449622
Kensington and Chelsea,2021,738934.0,144268.0,5121.953586380902
Kensington and Chelsea,2022,1742806.0,146392.0,11905.063118203181
Kensington and Chelsea,2023,2281904.0,147460.0,15474.732130747321
Kensington and Chelsea,2024,2685140.0,,
Kensington and Chelsea,2025,2831588.0,,
Kingston upon Thames,2001,14238709.442,149045.0,95532.95610050655
Kingston upon Thames,2002,13608235.0,149650.0,90933.74540594721
Kingston upon Thames,2003,13843203.0,149544.0,92569.43107045419
Kingston upon Thames,2004,0.0,151115.0,0.0
Kingston upon Thames,2005,14850984.0,152572.0,97337.54555226385
Kingston upon Thames,2006,14691781.81026,153789.0,95532.07193141252
Kingston upon Thames,2007,25205945.0,154357.0,163296.41674818765
Kingston upon Thames,2008,26422368.0,155829.0,169560.01771172244
Kingston upon Thames,2009,23976504.0,157208.0,152514.5285227215
Kingston upon Thames,2010,23184926.0,158692.0,146100.15627756913
Kingston upon Thames,2011,24332194.0,160436.0,151662.9310129896
Kingston upon Thames,2012,25270576.0,162549.0,155464.358439609
Kingston upon Thames,2013,26127596.0,164427.0,158900.88610751275
Kingston upon Thames,2014,26688762.0,165784.0,160985.1493509627
Kingston upon Thames,2015,27478698.0,167560.0,163993.1845309143
Kingston upon Thames,2016,25341366.0,168643.0,150266.33776676175
Kingston upon Thames,2017,24897838.0,168842.0,147462.3494154298
Kingston upon Thames,2018,23545842.0,168794.0,139494.5436449163
Kingston upon Thames,2019,24760192.0,169849.0,145777.67310964444
Kingston upon Thames,2020,23050162.0,169789.0,135757.6874826991
Kingston upon Thames,2021,5469062.0,167992.0,32555.490737654174
Kingston upon Thames,2022,13998060.0,169082.0,82788.58778580808
Kingston upon Thames,2023,17591860.0,170454.0,103205.90892557523
Kingston upon Thames,2024,19918494.0,,
Kingston upon Thames,2025,20976274.0,,
Lambeth,2001,81741880.889,273372.0,299013.36233776686
Lambeth,2002,78938159.0,273021.0,289128.52491200314
Lambeth,2003,81012446.0,272033.0,297803.7443986575
Lambeth,2004,0.0,274052.0,0.0
Lambeth,2005,84902358.0,277019.0,306485.6850974121
Lambeth,2006,83275446.01812999,279642.0,297793.0569017887
Lambeth,2007,116571946.0,283903.0,410604.8403856246
Lambeth,2008,131984855.0,287775.0,458639.0582920685
Lambeth,2009,126471251.0,292980.0,431671.9605433818
Lambeth,2010,124261437.0,296842.0,418611.3723799193
Lambeth,2011,133250920.0,304484.0,437628.6438696286
Lambeth,2012,138890922.0,309846.0,448257.9152224008
Lambeth,2013,142457660.0,313390.0,454569.8969335333
Lambeth,2014,148414876.0,317117.0,468012.99205025274
Lambeth,2015,152819878.0,321769.0,474936.60980392765
Lambeth,2016,155354944.0,325485.0,477302.92947447655
Lambeth,2017,155047176.0,326284.0,475190.8644003383
Lambeth,2018,147783420.0,328134.0,450375.2125655982
Lambeth,2019,148591480.0,328826.0,451884.8266256318
Lambeth,2020,139371524.0,325084.0,428724.64962901897
Lambeth,2021,26018280.0,317690.0,81898.32855928734
Lambeth,2022,71097938.0,316700.0,224496.17303441744
Lambeth,2023,91351180.0,315706.0,289355.22289725253
Lambeth,2024,99357476.0,,
Lambeth,2025,111348178.0,,
Lewisham,2001,24854871.35,254336.0,97724.55079107953
Lewisham,2002,25246510.0,253498.0,99592.54116403285
Lewisham,2003,26556330.0,251579.0,105558.61180782178
Lewisham,2004,0.0,251972.0,0.0
Lewisham,2005,25014190.0,254163.0,98417.90504518754
Lewisham,2006,24987457.688670002,257062.0,97204.01182854721
Lewisham,2007,33866500.0,260267.0,130122.14379848387
Lewisham,2008,35685064.0,265530.0,134391.83519752946
Lewisham,2009,34419078.0,269564.0,127684.25309017525
Lewisham,2010,33779625.0,271951.0,124212.17425197922
Lewisham,2011,39127210.0,276941.0,141283.55859190226
Lewisham,2012,42833074.0,281001.0,152430.32587072646
Lewisham,2013,45708664.0,286088.0,159771.3430832471
Lewisham,2014,48118891.0,291131.0,165282.60817295307
Lewisham,2015,50725032.0,295459.0,171682.1352539608
Lewisham,2016,57263926.0,298924.0,191566.8397318382
Lewisham,2017,58290206.0,301038.0,193630.72436037977
Lewisham,2018,58107958.0,303264.0,191608.4929302522
Lewisham,2019,60383536.0,306067.0,197288.61981200194
Lewisham,2020,58530188.0,304332.0,192323.4756778781
Lewisham,2021,15288224.0,300011.0,50958.87817446694
Lewisham,2022,33558880.0,299023.0,112228.42390050263
Lewisham,2023,40899104.0,298708.0,136920.01553356452
Lewisham,2024,45506488.0,,
Lewisham,2025,47222640.0,,
Merton,2001,15442859.792999998,191106.0,80807.82284700636
Merton,2002,15381350.0,190109.0,80908.05800882651
Merton,2003,15633590.0,188397.0,82982.1600131637
Merton,2004,0.0,187906.0,0.0
Merton,2005,16206765.0,189442.0,85550.01002945492
Merton,2006,15845915.541110002,191207.0,82873.09325029943
Merton,2007,24155292.0,192803.0,125284.83477954181
Merton,2008,25768268.0,194389.0,132560.31977118048
Merton,2009,22884590.0,196949.0,116195.51254385654
Merton,2010,21971730.0,198433.0,110726.18969627029
Merton,2011,24315342.0,200532.0,121254.17389743283
Merton,2012,27023676.0,205269.0,131650.05919062303
Merton,2013,28062916.0,208743.0,134437.63862740307
Merton,2014,29119458.0,211358.0,137773.15266041504
Merton,2015,29754452.0,214254.0,138874.6627834253
Merton,2016,30596794.0,216186.0,141529.9510606607
Merton,2017,29629692.0,216053.0,137140.84969891646
Merton,2018,27658606.0,216732.0,127616.62329512947
Merton,2019,27653152.0,217715.0,127015.37330914268
Merton,2020,26445086.0,217456.0,121611.20410565817
Merton,2021,7167794.0,215428.0,33272.3415711978
Merton,2022,15554476.0,215121.0,72305.70702069998
Merton,2023,18310370.0,215219.0,85077.85093323546
Merton,2024,19875874.0,,
Merton,2025,21046806.0,,
Newham,2001,4806444.072,249411.0,19271.179186162597
Newham,2002,4711635.0,256003.0,18404.608539743673
Newham,2003,5127500.0,257021.0,19949.731733982826
Newham,2004,0.0,254904.0,0.0
Newham,2005,9885284.0,253741.0,38958.16600391738
Newham,2006,9585745.491086,257729.0,37193.11948242534
Newham,2007,18692682.0,266632.0,70106.67136727774
Newham,2008,19035597.0,276709.0,68792.83651778584
Newham,2009,17302053.0,286694.0,60350.24451156983
Newham,2010,18166349.0,299422.0,60671.39021180808
Newham,2011,25363125.0,310460.0,81695.30696386007
Newham,2012,31121826.0,313823.0,99169.99710027628
Newham,2013,36571572.0,317166.0,115307.35324719548
Newham,2014,37861278.0,323216.0,117139.24434433939
Newham,2015,44553938.0,330780.0,134693.5667210835
Newham,2016,61626044.0,336077.0,183368.8232161082
Newham,2017,62256868.0,338843.0,183733.670165829
Newham,2018,59848374.0,344839.0,173554.53994472782
Newham,2019,62342268.0,349976.0,178132.98054723753
Newham,2020,63429108.0,350322.0,181059.44816483124
Newham,2021,22782504.0,351260.0,64859.37482206913
Newham,2022,45266260.0,357147.0,126744.05776892988
Newham,2023,74035998.0,362552.0,204207.94258478784
Newham,2024,97149702.0,,
Newham,2025,91400028.0,,
Redbridge,2001,7404075.757,241893.0,30608.888049674857
Redbridge,2002,7733834.0,244042.0,31690.5860466641
Redbridge,2003,8382924.0,247057.0,33931.133301221984
Redbridge,2004,0.0,248326.0,0.0
Redbridge,2005,6869778.0,250953.0,27374.759417102006
Redbridge,2006,6346545.1221,254906.0,24897.590178732553
Redbridge,2007,10812752.0,259346.0,41692.380063698685
Redbridge,2008,12329699.0,264762.0,46568.99026295314
Redbridge,2009,11393222.0,269824.0,42224.6427300759
Redbridge,2010,10662006.0,274675.0,38816.80531537271
Redbridge,2011,12208968.0,281394.0,43387.449625791596
Redbridge,2012,13136274.0,285466.0,46016.947727575265
Redbridge,2013,13702952.0,289955.0,47258.891897018504
Redbridge,2014,15275306.0,295740.0,51651.132751741396
Redbridge,2015,16286196.0,301004.0,54106.2444352899
Redbridge,2016,18779828.0,304573.0,61659.529899235975
Redbridge,2017,18949996.0,305960.0,61936.18773695908
Redbridge,2018,17939032.0,308741.0,58103.82164986186
Redbridge,2019,18581236.0,311674.0,59617.53627187382
Redbridge,2020,18659132.0,311797.0,59843.84711847772
Redbridge,2021,6719340.0,310131.0,21666.134633429097
Redbridge,2022,12287128.0,311515.0,39443.13435950114
Redbridge,2023,21163858.0,313392.0,67531.58344820543
Redbridge,2024,30005994.0,,
Redbridge,2025,24658404.0,,
Richmond upon Thames,2001,18402549.096,174311.0,105573.07970237106
Richmond upon Thames,2002,17437446.0,174997.0,99644.25675868729
Richmond upon Thames,2003,18002339.0,176314.0,102103.85448688136
Richmond upon Thames,2004,0.0,178349.0,0.0
Richmond upon Thames,2005,19275304.0,180541.0,106764.13667809528
Richmond upon Thames,2006,19035783.99972,181755.0,104733.20678781875
Richmond upon Thames,2007,24621949.0,181597.0,135585.65945472667
Richmond upon Thames,2008,26660204.0,182267.0,146270.0543707857
Richmond upon Thames,2009,24969438.0,183833.0,135826.7449261014
Richmond upon Thames,2010,24644028.0,185953.0,132528.26251794808
Richmond upon Thames,2011,26740472.0,187526.0,142596.07734394164
Richmond upon Thames,2012,28209608.0,190150.0,148354.49907967393
Richmond upon Thames,2013,29976454.0,192542.0,155687.87069834114
Richmond upon Thames,2014,31164404.0,194639.0,160113.87234829608
Richmond upon Thames,2015,32409912.0,195091.0,166127.15091931456
Richmond upon Thames,2016,34401230.0,196439.0,175124.2370405062
Richmond upon Thames,2017,33226084.0,196967.0,168688.58235135835
Richmond upon Thames,2018,32203170.0,197250.0,163260.68441064638
Richmond upon Thames,2019,32685602.0,198331.0,164803.29348412502
Richmond upon Thames,2020,31223102.0,197955.0,157728.28168017985
Richmond upon Thames,2021,7327526.0,195316.0,37516.26082860595
Richmond upon Thames,2022,18164464.0,195165.0,93072.34391412395
Richmond upon Thames,2023,22762170.0,195513.0,116422.79541513864
Richmond upon Thames,2024,25858092.0,,
Richmond upon Thames,2025,27776398.0,,
Southwark,2001,86602091.686,256712.0,337351.16272710275
Southwark,2002,87213373.0,256543.0,339956.15939628053
Southwark,2003,88700034.0,255519.0,347136.7452126848
Southwark,2004,0.0,257719.0,0.0
Southwark,2005,45564426.0,262156.0,173806.53504020505
Southwark,2006,46023488.453700006,267435.0,172092.24093218916
Southwark,2007,61017393.0,272277.0,224100.4308112694
Southwark,2008,65493310.0,276492.0,236872.35073709185
Southwark,2009,64663468.0,280698.0,230366.68590442397
Southwark,2010,63717231.0,283379.0,224848.1044819835
Southwark,2011,72075683.0,288725.0,249634.36834357952
Southwark,2012,77093474.0,292811.0,263287.49261469
Southwark,2013,80676008.0,297414.0,271258.2729797521
Southwark,2014,87199618.0,299091.0,291548.78615538415
Southwark,2015,86176338.0,303443.0,283995.14241554425
Southwark,2016,110442106.0,306062.0,360848.80187674396
Southwark,2017,105486452.0,307154.0,343431.8029392422
Southwark,2018,106650708.0,310094.0,343930.2534070315
Southwark,2019,118704528.0,312237.0,380174.4444124175
Southwark,2020,117814574.0,311769.0,377890.5984879831
Southwark,2021,29169522.0,306767.0,95086.89656970925
Southwark,2022,67694422.0,311492.0,217323.14794601468
Southwark,2023,89168872.0,315519.0,282610.15026036464
Southwark,2024,95454242.0,,
Southwark,2025,102523288.0,,
Sutton,2001,7979922.389,181461.0,43975.96392062207
Sutton,2002,8461931.0,181012.0,46747.90069166685
Sutton,2003,8692257.0,180740.0,48092.60263361735
Sutton,2004,0.0,180509.0,0.0
Sutton,2005,8887173.0,181425.0,48985.382389417115
Sutton,2006,8854075.768895,182258.0,48579.90194611485
Sutton,2007,12262368.0,183426.0,66851.8530633607
Sutton,2008,13342569.0,185193.0,72046.83222368016
Sutton,2009,12465392.0,187573.0,66456.21704616337
Sutton,2010,11860704.0,189006.0,62753.055458556875
Sutton,2011,12156756.0,191119.0,63608.30686640261
Sutton,2012,12829056.0,194002.0,66128.47290234122
Sutton,2013,13338718.0,196679.0,67819.73672837467
Sutton,2014,13959986.0,199174.0,70089.39921877354
Sutton,2015,14500202.0,201265.0,72045.32332993814
Sutton,2016,14532136.0,203396.0,71447.50142579008
Sutton,2017,13150386.0,204898.0,64180.157932239454
Sutton,2018,12954406.0,206370.0,62772.71890294132
Sutton,2019,13552478.0,208603.0,64967.80007957699
Sutton,2020,13763378.0,209978.0,65546.7620417377
Sutton,2021,3747146.0,209622.0,17875.72869259906
Sutton,2022,7951864.0,210293.0,37813.2605460001
Sutton,2023,9450726.0,211123.0,44764.07591782989
Sutton,2024,10056398.0,,
Sutton,2025,10750164.0,,
Tower Hamlets,2001,1818389.979,201090.0,9042.667357899449
Tower Hamlets,2002,2022286.0,206334.0,9801.031337540104
Tower Hamlets,2003,2277309.0,207261.0,10987.638774299072
Tower Hamlets,2004,0.0,209344.0,0.0
Tower Hamlets,2005,2741729.0,211217.0,12980.626559415197
Tower Hamlets,2006,2801026.427227,215963.0,12969.93664297588
Tower Hamlets,2007,3593893.0,222892.0,16123.92100209967
Tower Hamlets,2008,3753100.0,229560.0,16349.102631120406
Tower Hamlets,2009,3390398.0,238540.0,14213.12148905844
Tower Hamlets,2010,3239466.0,247422.0,13092.877755413827
Tower Hamlets,2011,10829118.0,256007.0,42300.08554453589
Tower Hamlets,2012,13292026.0,261944.0,50743.769660690836
Tower Hamlets,2013,15266820.0,270323.0,56476.215490357834
Tower Hamlets,2014,16376892.0,277163.0,59087.58384055591
Tower Hamlets,2015,20784108.0,282855.0,73479.72636156336
Tower Hamlets,2016,33908432.0,289196.0,117250.69503036003
Tower Hamlets,2017,34943104.0,293809.0,118931.36016936172
Tower Hamlets,2018,36117942.0,300192.0,120316.13767188998
Tower Hamlets,2019,37211342.0,305041.0,121988.00161289793
Tower Hamlets,2020,35362170.0,306586.0,115341.76381178528
Tower Hamlets,2021,9220180.0,312712.0,29484.57366522551
Tower Hamlets,2022,22447690.0,323854.0,69314.22801632834
Tower Hamlets,2023,50793822.0,328626.0,154564.22194226872
Tower Hamlets,2024,69542446.0,,
Tower Hamlets,2025,71925862.0,,
Waltham Forest,2001,7251855.299,222015.0,32663.807846316686
Waltham Forest,2002,7777985.0,223909.0,34737.25933303262
Waltham Forest,2003,8394107.0,224353.0,37414.730357962675
Waltham Forest,2004,0.0,225206.0,0.0
Waltham Forest,2005,7620198.0,226816.0,33596.386498307
Waltham Forest,2006,6165281.752443,230785.0,26714.395443564357
Waltham Forest,2007,7411712.0,236027.0,31401.96672414597
Waltham Forest,2008,8053481.0,242558.0,33202.28976162402
Waltham Forest,2009,7018872.0,248579.0,28235.981317810434
Waltham Forest,2010,6697726.0,254193.0,26348.97892546215
Waltham Forest,2011,8335734.0,259741.0,32092.484436419356
Waltham Forest,2012,9613980.0,263551.0,36478.63221919097
Waltham Forest,2013,10441416.0,267990.0,38961.96126721147
Waltham Forest,2014,11383984.0,270719.0,42050.92365146148
Waltham Forest,2015,12904140.0,274864.0,46947.363059549454
Waltham Forest,2016,14899918.0,277528.0,53687.98103254446
Waltham Forest,2017,12724018.0,278562.0,45677.50805924713
Waltham Forest,2018,15174184.0,280188.0,54157.151626764884
Waltham Forest,2019,17713802.0,281337.0,62962.93057791901
Waltham Forest,2020,16549822.0,279755.0,59158.27062965809
Waltham Forest,2021,6319686.0,278149.0,22720.505915894
Waltham Forest,2022,13173290.0,276312.0,47675.417643822926
Waltham Forest,2023,15571390.0,275980.0,56422.16827306326
Waltham Forest,2024,18778224.0,,
Waltham Forest,2025,19807366.0,,
Wandsworth,2001,31288464.128,271742.0,115140.33210913293
Wandsworth,2002,31273062.0,274133.0,114079.88822943608
Wandsworth,2003,33342255.0,275341.0,121094.4065722141
Wandsworth,2004,0.0,276798.0,0.0
Wandsworth,2005,25703580.0,280926.0,91495.90995493474
Wandsworth,2006,25556636.53811,285090.0,89644.10024241467
Wandsworth,2007,42404156.0,288897.0,146779.4958064639
Wandsworth,2008,46281464.0,291798.0,158607.88627749332
Wandsworth,2009,43038448.0,297465.0,144684.0737565764
Wandsworth,2010,43749852.0,301575.0,145071.21611539417
Wandsworth,2011,49425076.0,307713.0,160620.69525824388
Wandsworth,2012,53807902.0,312311.0,172289.48708178705
Wandsworth,2013,56339964.0,316756.0,177865.49899607268
Wandsworth,2014,58748874.0,319493.0,183881.5686102669
Wandsworth,2015,61561260.0,322199.0,191065.95613270058
Wandsworth,2016,68323196.0,325805.0,209705.7933426436
Wandsworth,2017,64663660.0,328873.0,196621.9786969438
Wandsworth,2018,62360190.0,330605.0,188624.46121504513
Wandsworth,2019,62671700.0,333974.0,187654.42818902072
Wandsworth,2020,60506218.0,333318.0,181527.00424219514
Wandsworth,2021,16734280.0,328434.0,50951.72850557494
Wandsworth,2022,35170726.0,329358.0,106785.70430959624
Wandsworth,2023,41131320.0,331456.0,124092.85093647422
Wandsworth,2024,45616884.0,,
Wandsworth,2025,49354640.0,,
Westminster,2001,95397589.0,203329.0,469178.46937721624
Westminster,2002,95571592.0,208088.0,459284.4950213371
Westminster,2003,98090679.0,210737.0,465464.91124007653
Westminster,2004,0.0,214744.0,0.0
Westminster,2005,109606449.0,223108.0,491270.8150312853
Westminster,2006,109742449.692,223348.0,491351.8352167918
Westminster,2007,140426005.0,221456.0,634103.4110613394
Westminster,2008,145229241.0,219982.0,660186.928930549
Westminster,2009,147516450.0,218324.0,675676.7464868728
Westminster,2010,147546780.0,218272.0,675976.6713091922
Westminster,2011,156196327.0,219587.0,711318.6436355523
Westminster,2012,161403588.0,219386.0,735705.9611825732
Westminster,2013,164782282.0,215622.0,764218.3172403558
Westminster,2014,172140794.0,214181.0,803716.454774233
Westminster,2015,180019432.0,215912.0,833762.9775093556
Westminster,2016,162618598.0,213413.0,761990.1224386519
Westminster,2017,157951948.0,210729.0,749550.1236184863
Westminster,2018,156570688.0,210062.0,745354.6476754482
Westminster,2019,159279804.0,208389.0,764338.8278651944
Westminster,2020,163364770.0,205426.0,795248.7513751911
Westminster,2021,27591128.0,205763.0,134091.785209197
Westminster,2022,83868796.0,209866.0,399630.2211887585
Westminster,2023,150646302.0,211508.0,712248.7187245872
Westminster,2024,184664366.0,,
Westminster,2025,197974360.0,,
